{
    "L2_mshap_sing_norm": [
        0.24926555784898907,
        0.4622335851441984,
        0.673899572565642
    ],
    "L2_mshap_sing_diff": [
        0.24926555784898907,
        0.2834068451777543,
        0.060186625145574275
    ],
    "L2_mshap_sing_diff_tot": 0.38219783891302833
}