{
    "L2_mshap_sing_norm": [
        0.06597253175618557,
        0.6313920963106869,
        0.6685684378066223
    ],
    "L2_mshap_sing_diff": [
        0.06597253175618557,
        0.07609310032541927,
        0.040435149443264415
    ],
    "L2_mshap_sing_diff_tot": 0.10852435751458915
}