{
    "L2_mshap_sing_norm": [
        0.6673796204890652,
        0.0,
        0.6678232493489638
    ],
    "L2_mshap_sing_diff": [
        0.6673796204890652,
        0.6820193022913456,
        0.038794781199487954
    ],
    "L2_mshap_sing_diff_tot": 0.955013571416877
}