{
    "L2_mshap_sing_norm": [
        0.0,
        0.6820193022913456,
        0.6833185678753947
    ],
    "L2_mshap_sing_diff": [
        0.0,
        0.0,
        0.0
    ],
    "L2_mshap_sing_diff_tot": 0.0
}