{
    "L2_mshap_sing_norm": [
        0.21359212013419734,
        0.469925334374201,
        0.6712802573824652
    ],
    "L2_mshap_sing_diff": [
        0.21359212013419734,
        0.2332112727335753,
        0.05190054897882512
    ],
    "L2_mshap_sing_diff_tot": 0.3204727110031974
}