{
    "Y_pred_mean_train": -0.0029757306911051273,
    "L2_norm_train": 1.3489689826965332,
    "L2_norm_centered_train": 1.3489656448364258,
    "L2_norm_centered_test": 1.3499444723129272,
    "L2_norm_test": 1.3499902486801147,
    "L2_error_train": 0.08301181556913577,
    "L2_error_test": 0.0825476435887288,
    "L2_rerror_train": 0.059987143900159426,
    "L2_rerror_test": 0.059572589675175945,
    "L2_norm_train_mix": 1.35042142868042,
    "L2_norm_test_mix": 1.345062017440796,
    "L2_error_train_mix": 0.08342748914590285,
    "L2_error_test_mix": 0.08311654501717258,
    "L2_rerror_train_mix": 0.06177885464052877,
    "L2_rerror_test_mix": 0.06179383845461314,
    "L2_diff_train_mix": 0.08342748914590285,
    "L2_diff_test_mix": 0.08311654501717258
}