{
    "L2_mshap_sing_norm": [
        0.2641254912444199,
        0.42120424858369293,
        0.6702579550332333
    ],
    "L2_mshap_sing_diff": [
        0.2641254912444199,
        0.2689147502906969,
        0.043848702068950585
    ],
    "L2_mshap_sing_diff_tot": 0.37947348619125637
}